TCGA Number	VHL Methylation Status	VHL Mutation Status
TCGA-3Z-A93Z	high	Mutated
TCGA-6D-AA2E	high	Not Mutated
TCGA-A3-3308	high	Mutated
TCGA-A3-3311	high	Not Mutated
TCGA-A3-3313	high	Not Mutated
TCGA-A3-3316	high	Mutated
TCGA-A3-3317	high	Not Mutated
TCGA-A3-3319	high	Not Mutated
TCGA-A3-3320	high	Not Mutated
TCGA-A3-3322	high	Not Mutated
TCGA-A3-3323	high	Not Mutated
TCGA-A3-3326	high	Mutated
TCGA-A3-3331	med	Mutated
TCGA-A3-3346	high	Not Mutated
TCGA-A3-3347	high	Not Mutated
TCGA-A3-3349	high	Mutated
TCGA-A3-3357	high	Not Mutated
TCGA-A3-3358	high	Not Mutated
TCGA-A3-3362	high	Mutated
TCGA-A3-3363	high	Not Mutated
TCGA-A3-3365	high	Not Mutated
TCGA-A3-3367	high	Mutated
TCGA-A3-3370	high	Not Mutated
TCGA-A3-3373	high	Mutated
TCGA-A3-3374	high	Not Mutated
TCGA-A3-3376	high	Mutated
TCGA-A3-3378	high	Not Mutated
TCGA-A3-3380	high	Mutated
TCGA-A3-3382	high	Mutated
TCGA-A3-3383	high	Mutated
TCGA-A3-3385	high	Not Mutated
TCGA-A3-3387	high	Not Mutated
TCGA-A3-A6NI	high	Mutated
TCGA-A3-A6NJ	high	Not Mutated
TCGA-A3-A6NL	high	Not Mutated
TCGA-A3-A6NN	high	Not Mutated
TCGA-A3-A8CQ	high	Not Mutated
TCGA-A3-A8OU	high	Not Mutated
TCGA-A3-A8OV	high	Mutated
TCGA-A3-A8OW	high	Not Mutated
TCGA-A3-A8OX	high	Mutated
TCGA-AK-3426	high	Not Mutated
TCGA-AK-3427	high	Not Mutated
TCGA-AK-3429	high	Not Mutated
TCGA-AK-3436	high	Not Mutated
TCGA-AK-3440	high	Not Mutated
TCGA-AK-3443	high	Not Mutated
TCGA-AK-3444	high	Mutated
TCGA-AK-3451	high	Not Mutated
TCGA-AK-3453	high	Not Mutated
TCGA-AK-3455	high	Mutated
TCGA-AK-3456	high	Not Mutated
TCGA-AK-3458	high	Mutated
TCGA-AK-3465	high	Not Mutated
TCGA-AS-3777	high	Not Mutated
TCGA-AS-3778	high	Mutated
TCGA-B0-4698	high	Not Mutated
TCGA-B0-4700	high	Mutated
TCGA-B0-4706	high	Mutated
TCGA-B0-4710	high	Not Mutated
TCGA-B0-4712	high	Mutated
TCGA-B0-4810	high	Mutated
TCGA-B0-4811	high	Not Mutated
TCGA-B0-4815	high	Not Mutated
TCGA-B0-4816	high	Not Mutated
TCGA-B0-4818	high	Mutated
TCGA-B0-4821	high	Not Mutated
TCGA-B0-4823	high	Mutated
TCGA-B0-4827	high	Mutated
TCGA-B0-4842	high	Mutated
TCGA-B0-4852	high	Mutated
TCGA-B0-4945	high	Mutated
TCGA-B0-5075	high	Not Mutated
TCGA-B0-5077	high	Mutated
TCGA-B0-5080	high	Not Mutated
TCGA-B0-5081	high	Mutated
TCGA-B0-5084	high	Not Mutated
TCGA-B0-5085	high	Mutated
TCGA-B0-5088	high	Mutated
TCGA-B0-5092	high	Mutated
TCGA-B0-5094	high	Mutated
TCGA-B0-5095	high	Mutated
TCGA-B0-5096	high	Mutated
TCGA-B0-5097	high	Mutated
TCGA-B0-5098	high	Not Mutated
TCGA-B0-5099	high	Mutated
TCGA-B0-5100	high	Not Mutated
TCGA-B0-5102	high	Mutated
TCGA-B0-5104	high	Not Mutated
TCGA-B0-5106	high	Mutated
TCGA-B0-5107	high	Mutated
TCGA-B0-5108	high	Mutated
TCGA-B0-5109	high	Not Mutated
TCGA-B0-5110	high	Not Mutated
TCGA-B0-5113	high	Mutated
TCGA-B0-5115	high	Mutated
TCGA-B0-5116	high	Not Mutated
TCGA-B0-5117	high	Not Mutated
TCGA-B0-5119	high	Not Mutated
TCGA-B0-5120	high	Not Mutated
TCGA-B0-5121	high	Not Mutated
TCGA-B0-5399	high	Not Mutated
TCGA-B0-5400	high	Not Mutated
TCGA-B0-5402	high	Mutated
TCGA-B0-5690	high	Not Mutated
TCGA-B0-5691	high	Mutated
TCGA-B0-5692	high	Mutated
TCGA-B0-5693	high	Mutated
TCGA-B0-5694	high	Not Mutated
TCGA-B0-5695	high	Mutated
TCGA-B0-5696	high	Mutated
TCGA-B0-5697	high	Not Mutated
TCGA-B0-5698	high	Not Mutated
TCGA-B0-5699	high	Not Mutated
TCGA-B0-5701	high	Not Mutated
TCGA-B0-5702	high	Not Mutated
TCGA-B0-5703	high	Mutated
TCGA-B0-5705	high	Mutated
TCGA-B0-5706	high	Not Mutated
TCGA-B0-5709	high	Mutated
TCGA-B0-5710	high	Not Mutated
TCGA-B0-5711	high	Mutated
TCGA-B0-5712	high	Not Mutated
TCGA-B0-5713	high	Mutated
TCGA-B0-5812	high	Mutated
TCGA-B2-3923	high	Not Mutated
TCGA-B2-4098	high	Not Mutated
TCGA-B2-4099	high	Mutated
TCGA-B2-4101	high	Mutated
TCGA-B2-4102	high	Not Mutated
TCGA-B2-5633	high	Not Mutated
TCGA-B2-5635	high	Mutated
TCGA-B2-5639	high	Mutated
TCGA-B2-5641	high	Not Mutated
TCGA-B2-A4SR	high	Not Mutated
TCGA-B4-5377	high	Not Mutated
TCGA-B4-5832	high	Mutated
TCGA-B4-5834	high	Not Mutated
TCGA-B4-5835	high	Not Mutated
TCGA-B4-5836	high	Mutated
TCGA-B4-5838	high	Not Mutated
TCGA-B4-5843	high	Mutated
TCGA-B4-5844	high	Not Mutated
TCGA-B8-4143	high	Not Mutated
TCGA-B8-4146	high	Not Mutated
TCGA-B8-4148	high	Mutated
TCGA-B8-4151	high	Not Mutated
TCGA-B8-4153	high	Mutated
TCGA-B8-4154	high	Mutated
TCGA-B8-4619	high	Not Mutated
TCGA-B8-4620	high	Mutated
TCGA-B8-4621	high	Not Mutated
TCGA-B8-5158	high	Not Mutated
TCGA-B8-5159	high	Mutated
TCGA-B8-5162	high	Mutated
TCGA-B8-5163	high	Mutated
TCGA-B8-5164	high	Not Mutated
TCGA-B8-5165	high	Mutated
TCGA-B8-5545	high	Not Mutated
TCGA-B8-5546	high	Not Mutated
TCGA-B8-5549	high	Mutated
TCGA-B8-5550	high	Not Mutated
TCGA-B8-5551	high	Mutated
TCGA-B8-5552	high	Not Mutated
TCGA-B8-5553	high	Not Mutated
TCGA-B8-A54D	high	Not Mutated
TCGA-B8-A54E	high	Not Mutated
TCGA-B8-A54F	high	Not Mutated
TCGA-B8-A54G	high	Not Mutated
TCGA-B8-A54H	high	Mutated
TCGA-B8-A54I	high	Not Mutated
TCGA-B8-A54J	high	Not Mutated
TCGA-B8-A7U6	high	Not Mutated
TCGA-B8-A8YJ	high	Not Mutated
TCGA-BP-4161	high	Not Mutated
TCGA-BP-4162	high	Not Mutated
TCGA-BP-4163	high	Not Mutated
TCGA-BP-4164	high	Mutated
TCGA-BP-4167	high	Not Mutated
TCGA-BP-4177	high	Not Mutated
TCGA-BP-4760	high	Not Mutated
TCGA-BP-4770	high	Not Mutated
TCGA-BP-4782	high	Not Mutated
TCGA-BP-4795	high	Not Mutated
TCGA-BP-4801	high	Not Mutated
TCGA-BP-4960	high	Mutated
TCGA-BP-4961	high	Not Mutated
TCGA-BP-4962	high	Mutated
TCGA-BP-4963	high	Mutated
TCGA-BP-4964	high	Mutated
TCGA-BP-4965	high	Mutated
TCGA-BP-4967	high	Mutated
TCGA-BP-4968	high	Mutated
TCGA-BP-4970	high	Mutated
TCGA-BP-4971	high	Mutated
TCGA-BP-4972	high	Not Mutated
TCGA-BP-4973	high	Not Mutated
TCGA-BP-4974	high	Not Mutated
TCGA-BP-4975	high	Not Mutated
TCGA-BP-4977	high	Mutated
TCGA-BP-4981	high	Not Mutated
TCGA-BP-4982	high	Mutated
TCGA-BP-4983	high	Not Mutated
TCGA-BP-4985	high	Mutated
TCGA-BP-4987	high	Not Mutated
TCGA-BP-4989	high	Mutated
TCGA-BP-4991	high	Mutated
TCGA-BP-4992	high	Not Mutated
TCGA-BP-4993	high	Mutated
TCGA-BP-4994	high	Not Mutated
TCGA-BP-4998	high	Mutated
TCGA-BP-4999	high	Mutated
TCGA-BP-5000	high	Not Mutated
TCGA-BP-5001	high	Not Mutated
TCGA-BP-5004	high	Not Mutated
TCGA-BP-5007	high	Not Mutated
TCGA-BP-5008	high	Not Mutated
TCGA-BP-5010	high	Not Mutated
TCGA-BP-5168	high	Not Mutated
TCGA-BP-5169	high	Mutated
TCGA-BP-5170	high	Mutated
TCGA-BP-5173	high	Not Mutated
TCGA-BP-5174	high	Mutated
TCGA-BP-5175	high	Mutated
TCGA-BP-5176	high	Mutated
TCGA-BP-5177	high	Mutated
TCGA-BP-5178	high	Mutated
TCGA-BP-5180	high	Mutated
TCGA-BP-5182	high	Mutated
TCGA-BP-5183	high	Mutated
TCGA-BP-5184	high	Mutated
TCGA-BP-5185	high	Mutated
TCGA-BP-5186	high	Mutated
TCGA-BP-5187	high	Mutated
TCGA-BP-5189	high	Not Mutated
TCGA-BP-5190	high	Not Mutated
TCGA-BP-5191	high	Not Mutated
TCGA-BP-5192	high	Mutated
TCGA-BP-5194	high	Not Mutated
TCGA-BP-5195	high	Mutated
TCGA-BP-5196	high	Mutated
TCGA-BP-5198	high	Mutated
TCGA-BP-5200	high	Not Mutated
TCGA-BP-5201	high	Mutated
TCGA-BP-5202	high	Not Mutated
TCGA-CJ-4634	high	Mutated
TCGA-CJ-4636	high	Mutated
TCGA-CJ-4637	high	Mutated
TCGA-CJ-4638	high	Mutated
TCGA-CJ-4639	high	Not Mutated
TCGA-CJ-4640	high	Not Mutated
TCGA-CJ-4641	high	Not Mutated
TCGA-CJ-4643	high	Mutated
TCGA-CJ-4644	high	Mutated
TCGA-CJ-4869	high	Not Mutated
TCGA-CJ-4882	high	Not Mutated
TCGA-CJ-4899	high	Not Mutated
TCGA-CJ-4900	high	Mutated
TCGA-CJ-4901	high	Not Mutated
TCGA-CJ-4902	high	Mutated
TCGA-CJ-4903	high	Mutated
TCGA-CJ-4904	high	Mutated
TCGA-CJ-4905	high	Not Mutated
TCGA-CJ-4907	high	Not Mutated
TCGA-CJ-4908	high	Mutated
TCGA-CJ-4912	high	Mutated
TCGA-CJ-4916	high	Not Mutated
TCGA-CJ-4918	high	Not Mutated
TCGA-CJ-4920	high	Not Mutated
TCGA-CJ-4923	high	Mutated
TCGA-CJ-5671	high	Not Mutated
TCGA-CJ-5672	high	Mutated
TCGA-CJ-5675	high	Not Mutated
TCGA-CJ-5676	high	Mutated
TCGA-CJ-5677	high	Mutated
TCGA-CJ-5678	high	Not Mutated
TCGA-CJ-5679	high	Not Mutated
TCGA-CJ-5680	high	Mutated
TCGA-CJ-5681	med	Not Mutated
TCGA-CJ-5682	high	Not Mutated
TCGA-CJ-5683	high	Not Mutated
TCGA-CJ-5684	high	Mutated
TCGA-CJ-5686	high	Mutated
TCGA-CJ-5689	high	Not Mutated
TCGA-CJ-6027	high	Mutated
TCGA-CJ-6028	high	Not Mutated
TCGA-CJ-6030	high	Mutated
TCGA-CJ-6031	high	Not Mutated
TCGA-CJ-6032	high	Mutated
TCGA-CJ-6033	high	Mutated
TCGA-CW-5580	high	Mutated
TCGA-CW-5581	high	Not Mutated
TCGA-CW-5583	high	Mutated
TCGA-CW-5585	high	Not Mutated
TCGA-CW-5587	high	Mutated
TCGA-CW-5591	high	Mutated
TCGA-CW-6087	high	Not Mutated
TCGA-CW-6090	high	Mutated
TCGA-CW-6093	high	Mutated
TCGA-CW-6097	high	Not Mutated
TCGA-CZ-4853	high	Mutated
TCGA-CZ-4856	high	Mutated
TCGA-CZ-4859	high	Mutated
TCGA-CZ-4863	high	Not Mutated
TCGA-CZ-4864	high	Not Mutated
TCGA-CZ-4866	high	Not Mutated
TCGA-CZ-5451	high	Not Mutated
TCGA-CZ-5452	high	Not Mutated
TCGA-CZ-5453	high	Mutated
TCGA-CZ-5454	high	Not Mutated
TCGA-CZ-5455	high	Not Mutated
TCGA-CZ-5456	high	Not Mutated
TCGA-CZ-5457	high	Not Mutated
TCGA-CZ-5458	high	Mutated
TCGA-CZ-5459	high	Mutated
TCGA-CZ-5460	high	Mutated
TCGA-CZ-5461	high	Not Mutated
TCGA-CZ-5462	high	Not Mutated
TCGA-CZ-5463	high	Not Mutated
TCGA-CZ-5465	high	Mutated
TCGA-CZ-5466	high	Not Mutated
TCGA-CZ-5467	high	Not Mutated
TCGA-CZ-5468	high	Not Mutated
TCGA-CZ-5469	high	Not Mutated
TCGA-CZ-5470	high	Mutated
TCGA-CZ-5982	high	Mutated
TCGA-CZ-5984	high	Mutated
TCGA-CZ-5985	high	Mutated
TCGA-CZ-5986	high	Mutated
TCGA-CZ-5987	high	Mutated
TCGA-CZ-5988	high	Not Mutated
TCGA-CZ-5989	high	Mutated
TCGA-DV-5565	high	Not Mutated
TCGA-DV-5566	high	Not Mutated
TCGA-DV-5567	high	Mutated
TCGA-DV-A4VX	high	Mutated
TCGA-DV-A4VZ	high	Not Mutated
TCGA-DV-A4W0	high	Not Mutated
TCGA-EU-5904	high	Mutated
TCGA-EU-5905	high	Mutated
TCGA-EU-5906	high	Mutated
TCGA-EU-5907	high	Not Mutated
TCGA-G6-A5PC	high	Not Mutated
TCGA-G6-A8L6	high	Mutated
TCGA-G6-A8L7	high	Not Mutated
TCGA-G6-A8L8	high	Mutated
TCGA-GK-A6C7	high	Not Mutated
TCGA-MM-A563	high	Not Mutated
TCGA-MM-A564	high	Mutated
TCGA-MM-A84U	high	Not Mutated
TCGA-MW-A4EC	high	Mutated
TCGA-T7-A92I	high	Not Mutated
